Experiment,Description,Success,Elapsed_s,ErrorMessage
01_LQG_nominal_LIN,LQG nominale - plant linearizzato,1,46.9402009,
01_LQG_nominal_NL,LQG nominale - plant non lineare,1,46.8870947,
02_LQGI_nominal_NL,LQGI nominale - plant non lineare,1,46.1824534,
02a_LQG_H2equiv_NL,LQG - verifica equivalenza H2 in regolazione,1,48.3906746,
02b_H2_H2equiv_NL,H2 classico - verifica equivalenza LQG in regolazione,1,37.1923165,
01b_LQG_sensor_noise_NL,LQG - plant NL con rumore di misura,1,33.5814845,
01c_LQG_sensor_actuator_noise_NL,LQG - plant NL con rumore di misura e attuazione,1,34.1468355,
01d_LQG_full_realism_NL,LQG - plant NL con rumori e disturbi aerodinamici,1,33.9264583,
03_LQG_disturbance_LIN,LQG - reiezione disturbo costante - plant linearizzato,1,22.9508443,
03_LQG_disturbance_NL,LQG - reiezione disturbo costante,1,44.6870029,
04_LQGI_disturbance_LIN,LQGI - reiezione disturbo costante - plant linearizzato,1,45.1021663,
04_LQGI_disturbance_NL,LQGI - reiezione disturbo costante,1,45.7135104,
04b_LQGI_full_realism_NL,LQGI - plant NL con rumori e disturbi aerodinamici,1,54.9169355,
04c_H2soft_disturbance_NL,H2 soft-integrator - reiezione disturbo costante,1,49.2935395,
04a_LQG_disturbance_eq_NL,LQG - reiezione disturbo a riferimento costante,1,49.9140972,
04b_LQGI_disturbance_eq_NL,LQGI - reiezione disturbo a riferimento costante,1,50.6762685,
04d_H2soft_full_realism_NL,H2 soft-integrator - plant NL con rumori e disturbi aerodinamici,1,77.8132681,
04e_LQG_full_realism_eq_NL,LQG - rumori e disturbi a riferimento costante,1,41.8353727,
04f_LQGI_full_realism_eq_NL,LQGI - rumori e disturbi a riferimento costante,1,41.8047336,
S1_LQG_stochastic_NL,LQG - eccitazione stocastica nominale,1,152.6286861,
S2_H2_stochastic_NL,H2 classico - eccitazione stocastica nominale,1,115.2253948,
S3_mixsyn_stochastic_NL,Hinf mixsyn - eccitazione stocastica nominale,1,115.2381796,
05_LQGI_linear,LQGI - modello linearizzato,1,32.4565709,
06_LQGI_nonlinear,LQGI - modello non lineare,1,32.2377288,
07_mixsyn_nominal_LIN,mixsyn - nominale linearizzato,1,32.0766364,
07_mixsyn_nominal_NL,mixsyn - nominale non lineare,1,32.510932,
08_hinfsyn_nominal_LIN,hinfsyn - nominale linearizzato,1,32.799596,
08_hinfsyn_nominal_NL,hinfsyn - nominale non lineare,1,32.7316188,
09_PIDcomp_nominal_LIN,hinfstruct PID + compensatore - nominale linearizzato,1,32.7119085,
09_PIDcomp_nominal_NL,hinfstruct PID + compensatore - nominale non lineare,1,32.7898108,
11_mixsyn_uncertain_NL,mixsyn - plant incerto non lineare con disturbo,1,35.1201591,
12_mu_uncertain_NL,mu-synthesis - plant incerto non lineare con disturbo,1,34.9092807,
V1_mixsyn_uncertain_matched_LIN,mixsyn - realizzazione incerta matched - plant linearizzato,1,32.1180541,
V1_mixsyn_uncertain_matched_NL,mixsyn - realizzazione incerta matched - plant non lineare,1,33.293919,
V2_mu_uncertain_matched_LIN,mu-synthesis - realizzazione incerta matched - plant linearizzato,1,32.4107735,
V2_mu_uncertain_matched_NL,mu-synthesis - realizzazione incerta matched - plant non lineare,1,32.6519778,
14_RAS_inside_mu,mu-synthesis - punto interno alla mappa RAS numerica,1,85.6966995,
15_RAS_outside_mu,mu-synthesis - punto appena esterno alla mappa RAS numerica,1,85.1565151,
